Values,Feature-Importances
0.07384046582895634,last_new_job
0.1002558687635618,company_size
0.13755517274554183,experience
0.17033115290572615,city_development_index
0.23518360943699743,training_hours
